[{"fields": {"description": "celsius", "unit": "\u00b0C", "udunit": "celsius"}, "model": "pyscada.unit", "pk": 1}, {"fields": {"description": "bit", "unit": "-", "udunit": "bit"}, "model": "pyscada.unit", "pk": 2}, {"fields": {"description": "meter3/hour", "unit": "m\u00b3/h", "udunit": "meter3/hour"}, "model": "pyscada.unit", "pk": 3}, {"fields": {"description": "percent", "unit": "%", "udunit": "percent"}, "model": "pyscada.unit", "pk": 4}, {"fields": {"description": "millibar", "unit": "mbar", "udunit": "millibar"}, "model": "pyscada.unit", "pk": 5}, {"fields": {"description": "bar", "unit": "bar", "udunit": "bar"}, "model": "pyscada.unit", "pk": 6}, {"fields": {"description": "liter/sec", "unit": "l/s", "udunit": "liter/sec"}, "model": "pyscada.unit", "pk": 7}, {"fields": {"description": "sec", "unit": "sec", "udunit": "sec"}, "model": "pyscada.unit", "pk": 8}, {"fields": {"description": "kilogram/kilogram", "unit": "kg/kg", "udunit": "kilogram/kilogram"}, "model": "pyscada.unit", "pk": 9}, {"fields": {"description": "kilogram/sec", "unit": "kg/s", "udunit": "kilogram/sec"}, "model": "pyscada.unit", "pk": 10}, {"fields": {"description": "kilojoule/kilogramkelvin", "unit": "kJ/kgK", "udunit": "kilojoule/kilogramkelvin"}, "model": "pyscada.unit", "pk": 11}, {"fields": {"description": "kilowatt", "unit": "kW", "udunit": "kilowatt"}, "model": "pyscada.unit", "pk": 12}, {"fields": {"description": "kelvin", "unit": "K", "udunit": "kelvin"}, "model": "pyscada.unit", "pk": 13}, {"fields": {"description": "kilowatthour", "unit": "kWh", "udunit": "kilowatthour"}, "model": "pyscada.unit", "pk": 14}, {"fields": {"description": "meter3", "unit": "m\u00b3", "udunit": "meter3"}, "model": "pyscada.unit", "pk": 15}, {"fields": {"description": "", "unit": "", "udunit": ""}, "model": "pyscada.unit", "pk": 16}]